,county,state_code,region_code,highest_price,lowest_price,crash_amount
0,Los Angeles County,6,37,593553.0,369102.0,0.37814820243516584
1,Cook County,17,31,309556.0,181506.0,0.4136569796741139
2,Harris County,48,201,145755.0,128343.0,0.11946073891118658
3,Maricopa County,4,13,311044.0,136708.0,0.5604866192564396
4,San Diego County,6,73,574660.0,354517.0,0.38308391048620055
5,Orange County,6,59,734191.0,473340.0,0.3552903808409528
6,Kings County,36,47,548819.0,476109.0,0.13248448031135948
7,Miami-Dade County,12,86,366667.0,169141.0,0.5387067829938337
8,Dallas County,48,113,144765.0,121313.0,0.16200048354229268
9,Queens County,36,81,517530.0,411867.0,0.20416787432612601
10,Riverside County,6,65,450945.0,213602.0,0.5263236093093393
11,San Bernardino County,6,71,394426.0,178954.0,0.5462925872026692
12,Clark County,32,3,359327.0,128543.0,0.6422673497955901
13,King County,53,33,476020.0,314352.0,0.3396243855300197
14,Wayne County,26,163,157238.0,48176.0,0.6936109591828947
15,Tarrant County,48,439,146742.0,129859.0,0.11505226860748798
16,Santa Clara County,6,85,855521.0,593707.0,0.30602872401729475
17,Broward County,12,11,310526.0,148488.0,0.5218178187977818
18,Bexar County,48,29,157768.0,139448.0,0.1161198722174332
19,New York County,36,61,1022808.0,858989.0,0.1601659353466144
20,Philadelphia County,42,101,158321.0,130796.0,0.17385564770308423
21,Alameda County,6,1,673093.0,412130.0,0.3877071964795355
22,Middlesex County,25,17,463938.0,383981.0,0.17234414943376056
23,Suffolk County,36,103,571045.0,434369.0,0.23934365943139332
24,Sacramento County,6,67,416964.0,183151.0,0.5607510480521101
25,Bronx County,36,5,439686.0,297730.0,0.3228576757049349
26,Nassau County,36,59,553923.0,428776.0,0.22592851352985885
27,Palm Beach County,12,99,345183.0,165750.0,0.5198199216067999
28,Cuyahoga County,39,35,146351.0,100775.0,0.31141570607648733
29,Hillsborough County,12,57,262437.0,131555.0,0.49871778750709694
30,Allegheny County,42,3,123464.0,117858.0,0.04540594829261971
31,Oakland County,26,125,236844.0,142197.0,0.39961746972690887
32,Franklin County,39,49,156205.0,122895.0,0.21324541467942768
33,Hennepin County,27,53,275493.0,190110.0,0.3099280199496902
34,Orange County,12,95,293784.0,132676.0,0.5483892928137679
35,Fairfax County,51,59,597415.0,438625.0,0.26579513403580424
36,Contra Costa County,6,13,818962.0,333680.0,0.5925574080360261
37,Salt Lake County,49,35,290910.0,211135.0,0.2742257055446702
38,Travis County,48,453,241061.0,220330.0,0.08599897951140997
39,Saint Louis County,29,189,186064.0,145193.0,0.2196609768681744
40,Pima County,4,19,249917.0,141527.0,0.43370398972458857
41,Montgomery County,24,31,554085.0,401218.0,0.275890883167745
42,Honolulu County,15,3,594332.0,503214.0,0.15331161707597774
43,Westchester County,36,119,687167.0,532242.0,0.22545465658275207
44,Milwaukee County,55,79,158770.0,108169.0,0.3187063047175159
45,Fresno County,6,19,323985.0,149345.0,0.5390373011096192
46,Shelby County,47,157,147885.0,100626.0,0.3195658788923826
47,Fulton County,13,121,273134.0,178559.0,0.3462586129884965
48,Mecklenburg County,37,119,207187.0,161909.0,0.2185368773137311
49,Erie County,36,29,127574.0,120413.0,0.05613212723595717
50,DuPage County,17,43,319922.0,220346.0,0.3112508673989285
51,Fairfield County,9,1,548154.0,388528.0,0.29120648576859787
52,Pinellas County,12,103,235632.0,119345.0,0.4935110681061995
53,Bergen County,34,3,533056.0,411043.0,0.22889339956777524
54,Marion County,18,97,110600.0,95331.0,0.13805605786618444
55,Wake County,37,183,254370.0,219680.0,0.13637614498565082
56,Hartford County,9,3,276282.0,208083.0,0.2468456142636871
57,Duval County,12,31,205435.0,115438.0,0.438080171343734
58,Prince Georges County,24,33,385510.0,203452.0,0.47225234105470676
59,New Haven County,9,9,300656.0,210289.0,0.30056609547123625
60,Macomb County,26,99,177716.0,93810.0,0.47213531702266537
61,Kern County,6,29,295424.0,130531.0,0.5581570894714039
62,Ventura County,6,111,673404.0,387893.0,0.42398174053020177
63,Middlesex County,34,23,389761.0,277733.0,0.287427423472333
64,Gwinnett County,13,135,210822.0,129694.0,0.38481752378783995
65,San Francisco County,6,75,926456.0,711057.0,0.2324978196482078
66,Baltimore County,24,5,306633.0,221104.0,0.278929534655435
67,Hamilton County,39,61,155087.0,122622.0,0.2093341156899031
68,El Paso County,48,141,138505.0,113854.0,0.1779791343272806
69,Montgomery County,42,91,321442.0,269479.0,0.16165591304185514
70,Worcester County,25,27,321896.0,219660.0,0.3176056863086214
71,Pierce County,53,53,313551.0,192580.0,0.3858096450019295
72,Essex County,34,13,450355.0,318900.0,0.2918919519046086
73,Collin County,48,85,229132.0,212718.0,0.07163556377982996
74,Monroe County,36,55,130805.0,126540.0,0.03260578724054891
75,Essex County,25,9,425693.0,322464.0,0.24249635300556974
76,Jefferson County,21,111,144601.0,132211.0,0.08568405474374313
77,Multnomah County,41,51,312375.0,235051.0,0.2475358143257303
78,Suffolk County,25,25,422961.0,345341.0,0.18351573785762754
79,Oklahoma County,40,109,124728.0,117342.0,0.05921685587839138
80,San Mateo County,6,81,953899.0,666348.0,0.30144805686975246
81,Snohomish County,53,61,404537.0,237311.0,0.4133762795492131
82,Lake County,17,97,293118.0,187524.0,0.3602439972980165
83,Dekalb County,13,89,211448.0,119349.0,0.4355633536377738
84,Cobb County,13,67,229047.0,165149.0,0.2789733111544792
85,San Joaquin County,6,77,460671.0,162641.0,0.6469476046896809
86,Will County,17,197,243469.0,168704.0,0.3070822158057083
87,Jackson County,29,95,129451.0,99503.0,0.23134622366764257
88,Norfolk County,25,21,462537.0,370801.0,0.1983322415287858
89,Denton County,48,121,207562.0,194562.0,0.06263188830325397
90,Bernalillo County,35,1,215553.0,171830.0,0.2028410646105598
91,Jefferson County,1,73,145291.0,109850.0,0.24393114508125074
92,Hudson County,34,17,477401.0,318729.0,0.33236629164999654
93,Monmouth County,34,25,485969.0,358984.0,0.26130267568507454
94,Davidson County,47,37,195409.0,164648.0,0.15741854264644925
95,Providence County,44,7,296565.0,185971.0,0.372916561293477
96,Bucks County,42,17,345235.0,284164.0,0.17689689631700145
97,El Paso County,8,41,230312.0,200062.0,0.13134356872416547
98,Baltimore City,24,510,189818.0,120415.0,0.36562918163714714
99,Lee County,12,71,344044.0,139999.0,0.5930782109265094
100,Tulsa County,40,143,134279.0,125467.0,0.06562455782363587
101,Kent County,26,81,148517.0,115844.0,0.21999501740541486
102,Polk County,12,105,205886.0,102384.0,0.5027150947611785
103,District of Columbia,11,1,468774.0,417029.0,0.11038368168883086
104,Denver County,8,31,275707.0,236608.0,0.14181359196538354
105,Fort Bend County,48,157,211179.0,195356.0,0.07492695769939246
106,Ocean County,34,29,371574.0,249438.0,0.32869899400926866
107,Arapahoe County,8,5,256525.0,208979.0,0.18534645746028652
108,Delaware County,42,45,242958.0,198080.0,0.18471505363066867
109,Bristol County,25,5,356060.0,249870.0,0.2982362523170252
110,Johnson County,20,91,228027.0,210683.0,0.07606116819499445
111,Brevard County,12,9,264193.0,117060.0,0.5569148312029464
112,Summit County,39,153,136690.0,109633.0,0.1979442534201478
113,New Castle County,10,3,273334.0,200625.0,0.26600788778563955
114,Anne Arundel County,24,3,427056.0,314565.0,0.2634104192424413
115,Union County,34,39,455371.0,308349.0,0.32286201800290315
116,Montgomery County,39,113,118952.0,88716.0,0.25418656264711814
117,Jefferson County,8,59,270703.0,246233.0,0.09039426973472772
118,Washington County,41,67,345073.0,240700.0,0.3024664346384678
119,Lancaster County,42,71,210694.0,185615.0,0.11903044225274569
120,Douglas County,31,55,158377.0,135768.0,0.14275431407338188
121,Utah County,49,49,296467.0,205039.0,0.30839182775823276
122,Kane County,17,89,269401.0,171618.0,0.3629645027301309
123,Stanislaus County,6,99,425152.0,140078.0,0.6705225425259672
124,Camden County,34,7,235477.0,165367.0,0.2977360846282227
125,Ramsey County,27,123,239477.0,163330.0,0.3179720808261336
126,Passaic County,34,31,432456.0,285457.0,0.3399166620419187
127,Chester County,42,29,355500.0,305264.0,0.14131082981715892
128,Sedgwick County,20,173,123660.0,114972.0,0.07025715672003882
129,Lake County,18,89,134627.0,125698.0,0.06632399147273578
130,Plymouth County,25,23,414289.0,295529.0,0.28665979545679465
131,Volusia County,12,127,250609.0,113186.0,0.5483562042863585
132,Morris County,34,27,532106.0,393810.0,0.2599031020135086
133,Guilford County,37,81,154064.0,128321.0,0.1670928964586146
134,Dane County,55,25,238825.0,209203.0,0.1240322411807809
135,Sonoma County,6,97,648372.0,344720.0,0.4683299093730143
136,Spokane County,53,63,220521.0,166150.0,0.2465570172455231
137,Richmond County,36,85,451908.0,384439.0,0.14929808722129284
138,Onondaga County,36,67,131164.0,121884.0,0.07075112073434783
139,Pasco County,12,101,221492.0,108285.0,0.5111110107814277
140,Hampden County,25,13,220501.0,177632.0,0.19441635185327957
141,Montgomery County,48,339,193018.0,181048.0,0.06201494161166316
142,Greenville County,45,45,166898.0,152544.0,0.08600462557969538
143,Burlington County,34,5,301632.0,214623.0,0.28846077339274345
144,Tulare County,6,107,259143.0,128087.0,0.5057284973933311
145,Lucas County,39,95,102341.0,73301.0,0.28375724294271115
146,Adams County,8,1,231797.0,178602.0,0.2294895965003861
147,East Baton Rouge Parish,22,33,187262.0,162352.0,0.13302218282406467
148,Virginia Beach City,51,810,302915.0,243893.0,0.1948467391842596
149,York County,42,133,206924.0,157319.0,0.23972569639094546
150,Jefferson Parish,22,51,205529.0,168178.0,0.18173104525395442
151,Knox County,47,93,178917.0,156243.0,0.1267291537416791
152,Polk County,19,153,163101.0,145375.0,0.10868112396613142
153,Genesee County,26,49,169997.0,70801.0,0.5835161796972888
154,Clark County,53,11,304782.0,195107.0,0.35984736631428366
155,Santa Barbara County,6,83,778451.0,396807.0,0.49026078712725657
156,Seminole County,12,117,303713.0,143370.0,0.5279424983454775
157,Washoe County,32,31,388583.0,162217.0,0.5825422110591559
158,Monterey County,6,53,737897.0,313576.0,0.5750409610013322
159,Solano County,6,95,529856.0,202798.0,0.6172582739461288
160,Mobile County,1,97,140812.0,103424.0,0.26551714342527627
161,Berks County,42,11,183710.0,153564.0,0.16409558543356376
162,Cameron County,48,61,102372.0,93809.0,0.0836459188059235
163,Prince William County,51,153,482933.0,271999.0,0.43677694421379365
164,Hillsborough County,33,11,299370.0,215789.0,0.2791896315596085
165,Dakota County,27,37,271414.0,180261.0,0.3358448716720582
166,Ada County,16,1,246360.0,158476.0,0.3567299886345186
167,Waukesha County,55,133,263809.0,224008.0,0.1508705161688949
168,Richland County,45,79,160373.0,135086.0,0.15767616743466792
169,Pulaski County,5,119,138339.0,129082.0,0.0669153311792047
170,Sarasota County,12,115,354882.0,170723.0,0.5189302359657576
171,Clackamas County,41,5,383210.0,258798.0,0.32465749849951725
172,Pinal County,4,21,259042.0,105488.0,0.5927764609599988
173,Stark County,39,151,122522.0,101943.0,0.16796167218948435
174,Orange County,36,71,339754.0,234403.0,0.3100802345226252
175,Butler County,39,17,162338.0,132405.0,0.18438689647525533
176,Mercer County,34,21,326504.0,221660.0,0.321110920540024
177,Westmoreland County,42,129,146998.0,141659.0,0.03632022204383733
178,Saint Charles County,29,183,213439.0,175986.0,0.17547402302297144
179,Allen County,18,3,112096.0,104120.0,0.07115329717385098
180,Lane County,41,39,269876.0,192956.0,0.2850197868650788
181,Forsyth County,37,67,148425.0,130971.0,0.11759474482061648
182,Charleston County,45,19,317839.0,228908.0,0.27979889189180684
183,Lehigh County,42,77,221982.0,170012.0,0.2341180816462596
184,Placer County,6,61,574357.0,289317.0,0.49627670595117673
185,Washtenaw County,26,161,256688.0,176286.0,0.31322851087701803
186,Orleans Parish,22,71,189058.0,149051.0,0.21161230945001006
187,Nueces County,48,355,141981.0,125224.0,0.11802283404117453
188,Hamilton County,47,65,162293.0,143061.0,0.11850172219380996
189,Madison County,1,89,142771.0,106831.0,0.251731794271946
190,Marion County,12,83,192603.0,96376.0,0.49961319397932535
191,Anoka County,27,3,253130.0,161607.0,0.36156520365029826
192,Somerset County,34,35,475647.0,365190.0,0.2322247380935862
193,Manatee County,12,81,346775.0,166964.0,0.5185235383173528
194,Collier County,12,21,457575.0,230767.0,0.4956739332349888
195,Luzerne County,42,79,116240.0,100344.0,0.13675154852030283
196,Cumberland County,37,51,127913.0,115571.0,0.09648745631796611
197,Saint Louis City,29,510,144019.0,102694.0,0.28694130635541143
198,Chesterfield County,51,41,256640.0,195186.0,0.23945604738154613
199,Marion County,41,47,233979.0,163730.0,0.30023634599686294
200,Brazoria County,48,39,170527.0,154117.0,0.0962310953690618
201,Loudoun County,51,107,626108.0,407793.0,0.34868584972560646
202,Rockland County,36,87,563890.0,401097.0,0.2886963769529518
203,McHenry County,17,111,261802.0,158300.0,0.3953445733798825
204,Henrico County,51,87,248478.0,187296.0,0.24622703015961173
205,Davis County,49,11,259469.0,202538.0,0.2194134944829633
206,Albany County,36,1,224538.0,200684.0,0.10623591552432105
207,Lorain County,39,93,155624.0,121518.0,0.2191564283143988
208,Larimer County,8,69,263734.0,241072.0,0.08592748754426809
209,Northampton County,42,95,236906.0,180059.0,0.23995593188859715
210,Escambia County,12,33,172648.0,112164.0,0.35033130994856587
211,Dutchess County,36,27,366858.0,256057.0,0.30202694230465194
212,Lake County,12,69,263803.0,132624.0,0.4972612138603428
213,Fayette County,21,67,170387.0,155540.0,0.08713692946058091
214,Winnebago County,17,201,133364.0,93873.0,0.2961143936894514
215,Rockingham County,33,15,354807.0,255127.0,0.28094146958769134
216,Boulder County,8,13,341389.0,327014.0,0.04210739068921377
217,Anchorage Borough,2,20,286704.0,258146.0,0.0996079580333724
218,Galveston County,48,167,172180.0,154389.0,0.1033279126495528
219,Gloucester County,34,15,258814.0,188019.0,0.27353620746945684
220,Howard County,24,27,511768.0,402088.0,0.21431586187491206
221,Douglas County,8,35,375492.0,340725.0,0.09259052123613819
222,Lancaster County,31,109,153866.0,142964.0,0.07085385985207908
223,Spartanburg County,45,83,126759.0,116189.0,0.08338658399009144
224,Cumberland County,23,5,286029.0,231581.0,0.19035832031017832
225,Ingham County,26,65,152637.0,98753.0,0.3530205651316522
226,Erie County,42,49,116351.0,113570.0,0.02390181433765073
227,Lubbock County,48,303,124155.0,107987.0,0.13022431637872015
228,Saint Lucie County,12,111,265074.0,107280.0,0.5952828266823604
229,Leon County,12,73,211634.0,142300.0,0.3276127654346655
230,Hamilton County,18,57,233753.0,220703.0,0.055828160494196866
231,Atlantic County,34,1,305714.0,196413.0,0.3575269696513735
232,New London County,9,11,314899.0,220800.0,0.2988227971508325
233,Saint Clair County,17,163,135307.0,100712.0,0.25567782893715774
234,San Luis Obispo County,6,79,631412.0,398892.0,0.36825400847624057
235,Horry County,45,51,236640.0,149620.0,0.3677315753887762
236,Madison County,17,119,127079.0,115981.0,0.08733150245123113
237,Osceola County,12,97,296531.0,117102.0,0.6050935652596188
238,Dauphin County,42,43,160145.0,143504.0,0.10391207967779201
239,Durham County,37,63,196293.0,167753.0,0.1453948943670941
240,Chatham County,13,51,194564.0,152543.0,0.21597520610184823
241,Ottawa County,26,139,177698.0,147520.0,0.16982746007270763
242,Rutherford County,47,149,174028.0,149912.0,0.13857540165950308
243,Lexington County,45,63,144875.0,134493.0,0.07166177739430543
244,Santa Cruz County,6,87,796968.0,498073.0,0.3750401521767499
245,Clayton County,13,63,130244.0,45161.0,0.6532584994318357
246,Merced County,6,47,373376.0,111317.0,0.7018635370243401
247,Cleveland County,40,27,145575.0,136653.0,0.06128799587841319
248,Weld County,8,123,252844.0,196825.0,0.22155558368005568
249,Marin County,6,41,1063251.0,700219.0,0.34143584158397217
250,Jefferson County,48,245,98243.0,88212.0,0.10210396669482813
251,Thurston County,53,67,286256.0,211781.0,0.26016921916047175
252,Kitsap County,53,35,324106.0,231961.0,0.28430513473986907
253,Kalamazoo County,26,77,144111.0,118269.0,0.17932010741719925
254,Brown County,55,9,153333.0,134281.0,0.12425244402705224
255,Alachua County,12,1,220386.0,135747.0,0.38404889602787834
256,Harford County,24,25,336350.0,262292.0,0.22018135870373123
257,Yakima County,53,77,163208.0,142639.0,0.12602936130581835
258,Norfolk City,51,710,233178.0,184498.0,0.2087675509696455
259,Mahoning County,39,99,93444.0,78810.0,0.15660716578913575
260,Buncombe County,37,21,247837.0,201534.0,0.18682843965993778
261,Washington County,27,163,305732.0,217211.0,0.2895378959350019
262,Cumberland County,42,41,199436.0,180889.0,0.0929972522513488
263,Oneida County,36,65,115339.0,101458.0,0.12034957819991503
264,Saint Tammany Parish,22,103,219926.0,177848.0,0.19132799214281168
265,Frederick County,24,21,411913.0,272368.0,0.33877299332626065
266,Weber County,49,57,198837.0,159755.0,0.19655295543585952
267,Lake County,39,85,167501.0,122718.0,0.26735959785314717
268,Montgomery County,1,101,123051.0,101866.0,0.172164387124038
269,York County,45,91,182470.0,151763.0,0.1682851975667233
270,Chesapeake City,51,550,298314.0,238703.0,0.1998263574622713
271,Clay County,29,47,167273.0,142522.0,0.14796769353093447
272,Lafayette Parish,22,55,186731.0,160013.0,0.14308283038167202
273,Benton County,5,7,178939.0,137444.0,0.23189466801535719
274,Butte County,6,7,324875.0,190592.0,0.4133374374759523
275,Saratoga County,36,91,251548.0,235818.0,0.06253279692146231
276,Jefferson County,29,99,171887.0,147246.0,0.143355809339857
277,Niagara County,36,63,104432.0,100405.0,0.03856097747816761
278,Barnstable County,25,1,452763.0,345280.0,0.23739351492944433
279,Cherokee County,13,57,238913.0,168622.0,0.29421170049348505
280,Warren County,39,165,214216.0,180823.0,0.15588471449378197
281,Linn County,19,113,138081.0,133350.0,0.034262498098941926
282,Yavapai County,4,25,316282.0,176094.0,0.4432373641244206
283,Trumbull County,39,155,104256.0,79864.0,0.23396255371393493
284,Dona Ana County,35,13,231770.0,163338.0,0.2952582301419511
285,Washington County,42,125,141651.0,136621.0,0.035509809320089514
286,Arlington County,51,13,641552.0,558274.0,0.12980709279996008
287,Gaston County,37,71,134746.0,110019.0,0.1835082302999718
288,Richmond City,51,760,207505.0,154500.0,0.255439627960772
289,Henry County,13,151,189208.0,106769.0,0.4357056784068327
290,Jackson County,41,29,337299.0,188599.0,0.4408551463241812
291,Washington County,5,143,176412.0,130078.0,0.2626465319819513
292,New Hanover County,37,129,265669.0,184301.0,0.30627585454080075
293,Union County,37,179,235025.0,182448.0,0.22370811615785555
294,Whatcom County,53,73,308222.0,248658.0,0.1932503195748519
295,Champaign County,17,19,146523.0,134370.0,0.08294260969267624
296,Yolo County,6,113,501289.0,259523.0,0.4822886598349455
297,Broome County,36,7,116786.0,98381.0,0.1575959447194013
298,Saint Louis County,27,137,145049.0,127366.0,0.12191052678749939
299,Mohave County,4,15,266201.0,134766.0,0.4937434494986871
300,Saginaw County,26,145,104183.0,73169.0,0.2976877225651018
301,Elkhart County,18,39,131916.0,112676.0,0.1458503896418933
302,Clermont County,39,25,179515.0,156253.0,0.12958248614321924
303,Sussex County,10,5,334035.0,247142.0,0.26013142335384015
304,York County,23,31,287050.0,229682.0,0.19985368402717296
305,Yuma County,4,27,214004.0,113626.0,0.4690473075269621
306,Shelby County,1,117,217062.0,186001.0,0.14309736388681574
307,Tuscaloosa County,1,125,162117.0,145987.0,0.09949604298130363
308,Kanawha County,54,39,102526.0,96488.0,0.05889237851861967
309,Clay County,12,19,223322.0,145293.0,0.3494013129024458
310,Saint Johns County,12,109,371525.0,221794.0,0.40301729358724175
311,Litchfield County,9,5,297199.0,208377.0,0.29886372430593644
312,Muscogee County,13,215,135662.0,106910.0,0.21193849419881766
313,Canyon County,16,27,164258.0,91155.0,0.445049860585177
314,Anderson County,45,7,144954.0,128694.0,0.11217351711577465
315,Peoria County,17,143,116014.0,103320.0,0.10941782888272106
316,Butler County,42,19,208672.0,198749.0,0.04755309768440423
317,Williamson County,47,187,368961.0,316500.0,0.14218575947051315
318,Ulster County,36,111,261454.0,193994.0,0.25801861895400335
319,Baldwin County,1,3,218957.0,154324.0,0.2951858127394877
320,El Dorado County,6,17,532778.0,283031.0,0.4687637252288946
321,Livingston County,26,93,282431.0,159233.0,0.43620565731098926
322,Okaloosa County,12,91,277370.0,167811.0,0.3949922486209756
323,Newport News City,51,700,220134.0,167828.0,0.23760981947359336
324,Vanderburgh County,18,163,112333.0,100551.0,0.1048845842272529
325,Hall County,13,139,208782.0,134265.0,0.35691295226599995
326,Cabarrus County,37,25,190760.0,152632.0,0.19987418746068358
327,Shawnee County,20,177,116186.0,108471.0,0.0664021482794829
328,Berkeley County,45,15,200717.0,149473.0,0.2553047325338661
329,Onslow County,37,133,172377.0,140139.0,0.18702031013418263
330,Shasta County,6,89,202081.0,121153.0,0.40047307762728807
331,Outagamie County,55,87,157870.0,138158.0,0.12486222841578513
332,Forsyth County,13,117,310542.0,238070.0,0.23337261948464297
333,Imperial County,6,25,198123.0,117195.0,0.40847352402295545
334,Delaware County,39,41,279921.0,249945.0,0.10708735678995145
335,Tippecanoe County,18,157,137517.0,128024.0,0.0690314652006661
336,Hernando County,12,53,212730.0,92426.0,0.5655243736191417
337,Medina County,39,103,178099.0,169774.0,0.046743665040230434
338,Montgomery County,47,125,158413.0,143031.0,0.09710061674231281
339,Muskegon County,26,121,111208.0,79991.0,0.280708222430041
340,Beaver County,42,7,111356.0,108579.0,0.02493803656740544
341,Monroe County,42,89,209641.0,144643.0,0.31004431385082115
342,McLean County,17,113,164207.0,150804.0,0.08162258612604822
343,Johnston County,37,101,166057.0,145870.0,0.12156669095551527
344,Bay County,12,5,265628.0,156572.0,0.41055912780279186
345,Carroll County,24,13,392586.0,291428.0,0.25767093070053443
346,Licking County,39,89,148785.0,125033.0,0.1596397486305743
347,Kenosha County,55,59,191259.0,132963.0,0.304801342681913
348,Kent County,44,3,287905.0,182021.0,0.36777409214845175
349,Middlesex County,9,7,346506.0,266252.0,0.23160926506323123
350,Scott County,19,163,138072.0,131856.0,0.04501998957065879
351,Porter County,18,127,178610.0,166363.0,0.06856838922792677
352,Saint Clair County,26,147,171917.0,96190.0,0.4404858158297318
353,Davidson County,37,57,135004.0,118654.0,0.12110752274006696
354,Boone County,29,19,168292.0,162600.0,0.03382216623487747
355,Beaufort County,45,13,399555.0,256936.0,0.3569446008684662
356,Greene County,39,57,171647.0,148392.0,0.1354815406036808
357,Portage County,39,133,178812.0,133842.0,0.251493188376619
358,Sumner County,47,165,203227.0,180046.0,0.11406456819221855
359,Jackson County,26,75,130082.0,82009.0,0.36955920111929397
360,Aiken County,45,3,152062.0,132638.0,0.12773737028317397
361,Charlotte County,12,15,236973.0,123998.0,0.47674207610149677
362,Kenton County,21,117,150060.0,129716.0,0.13557243769159003
363,Iredell County,37,97,208611.0,165998.0,0.20427014874575167
364,Rensselaer County,36,83,190900.0,167704.0,0.12150864326872708
365,Pueblo County,8,101,139937.0,120800.0,0.13675439662133673
366,Sarpy County,31,153,180221.0,169425.0,0.0599042286969887
367,Hampshire County,25,15,280604.0,244916.0,0.12718279140710753
368,Deschutes County,41,17,385717.0,207094.0,0.46309340786120395
369,Wyandotte County,20,209,103623.0,65873.0,0.36430136166681143
370,Cumberland County,34,11,191211.0,135149.0,0.29319442919078925
371,Sullivan County,47,163,115774.0,104435.0,0.09794081572719264
372,Berrien County,26,21,168551.0,136650.0,0.18926615683087017
373,Chittenden County,50,7,289841.0,263620.0,0.09046684216518712
374,Bibb County,13,21,82868.0,63693.0,0.2313920934498238
375,Maui County,15,9,744820.0,551476.0,0.25958486614215515
376,Schenectady County,36,93,178146.0,157267.0,0.1172016211422092
377,Catawba County,37,35,144586.0,125221.0,0.13393412916879918
378,Centre County,42,27,237761.0,223282.0,0.06089728761235022
379,Penobscot County,23,19,156255.0,138956.0,0.1107100572781671
380,Ouachita Parish,22,73,123592.0,119586.0,0.03241310117159687
381,Kings County,6,31,218466.0,134310.0,0.38521325972920273
382,Tolland County,9,13,276172.0,213202.0,0.22801008067436235
383,Monroe County,26,115,191087.0,120130.0,0.37133347637463565
384,Santa Rosa County,12,113,233107.0,154663.0,0.33651499096981213
385,Madera County,6,39,255450.0,149837.0,0.41343902916422
386,Stearns County,27,145,214453.0,143309.0,0.33174635001608743
387,Franklin County,42,55,205545.0,154814.0,0.24681213359604953
388,Sussex County,34,37,340484.0,212695.0,0.37531572702388366
389,Washington County,24,43,266128.0,161872.0,0.39175133770215836
390,Mesa County,8,77,264905.0,178914.0,0.32461070949963194
391,Charles County,24,17,426045.0,253630.0,0.4046872982900867
392,Merrimack County,33,13,272103.0,206892.0,0.23965557160340017
393,Martin County,12,85,337037.0,177647.0,0.4729154365841139
394,Fairfield County,39,45,172226.0,140814.0,0.1823882572898401
395,Hendricks County,18,63,169915.0,156945.0,0.0763322837889533
396,Olmsted County,27,109,188594.0,165623.0,0.12180132984082208
397,Santa Fe County,35,49,372036.0,281213.0,0.24412422453741037
398,Cambria County,42,21,87557.0,73851.0,0.15653802665692063
399,Randolph County,37,151,129421.0,116594.0,0.09911065437602862
400,Citrus County,12,17,190913.0,102472.0,0.4632528952978582
401,Lee County,1,81,186840.0,159611.0,0.14573431813316207
402,Alexandria City,51,510,566071.0,441818.0,0.21950073400686487
403,Houston County,13,153,141558.0,126159.0,0.10878226592633408
404,Johnson County,18,81,152247.0,138333.0,0.09139096336873632
405,Rowan County,37,159,133064.0,114899.0,0.13651325677869297
406,Clark County,39,23,110218.0,91075.0,0.17368306447222776
407,Indian River County,12,61,277839.0,131388.0,0.5271074255234146
408,Monroe County,18,105,158811.0,154564.0,0.026742480054908035
409,Hampton City,51,650,203015.0,152591.0,0.2483757357830702
410,Florence County,45,41,125919.0,113813.0,0.09614117011729763
411,Fayette County,42,51,99542.0,89474.0,0.10114323602097607
412,Dorchester County,45,35,229311.0,156520.0,0.3174335291372852
413,Napa County,6,55,634321.0,353384.0,0.4428940552180994
414,Calhoun County,26,25,126643.0,86117.0,0.32000189509092486
415,Tazewell County,17,179,123391.0,117068.0,0.05124360771855322
416,Chautauqua County,36,13,83451.0,78949.0,0.05394782567015374
417,Humboldt County,6,23,316057.0,220661.0,0.30183163163606563
418,Coconino County,4,5,379657.0,239157.0,0.3700708797677904
419,Orange County,37,135,289132.0,244411.0,0.15467329800921378
420,Lebanon County,42,75,172379.0,156923.0,0.08966289397200355
421,Douglas County,13,97,200877.0,99372.0,0.5053092190743589
422,Washington County,55,131,218316.0,172063.0,0.21186262115465657
423,Rapides Parish,22,79,138215.0,116730.0,0.1554462250841081
424,Berkshire County,25,3,252383.0,202045.0,0.19945083464417176
425,Scott County,27,139,309733.0,213495.0,0.31071277519670165
426,Stafford County,51,179,440772.0,265990.0,0.39653607760928555
427,Hunterdon County,34,19,479080.0,352422.0,0.2643775569842198
428,Livingston Parish,22,63,163426.0,141779.0,0.13245750370198134
429,Coweta County,13,77,202782.0,151650.0,0.25215255791934194
430,Blair County,42,13,111809.0,91889.0,0.17816097094151634
431,Washington County,44,9,435358.0,312476.0,0.28225506364876723
432,Sebastian County,5,131,112060.0,102828.0,0.08238443690879886
433,Wood County,39,173,162590.0,135445.0,0.166953687188634
434,Wright County,27,171,265647.0,160490.0,0.39585239057847443
435,Richland County,39,139,116820.0,77654.0,0.3352679335730183
436,Comanche County,40,31,88481.0,76974.0,0.1300505193205321
437,Columbia County,13,73,198396.0,171282.0,0.1366660618157624
438,Strafford County,33,17,268483.0,183655.0,0.31595296536465994
439,Blount County,47,9,181327.0,158346.0,0.12673788238927464
440,Washington County,47,179,149868.0,135677.0,0.09468999386126457
441,Wayne County,37,191,124806.0,110308.0,0.11616428697338269
442,Spotsylvania County,51,177,374686.0,207736.0,0.4455730932033756
443,Kennebec County,23,11,158051.0,140471.0,0.111229919456378
444,Oswego County,36,75,95861.0,87503.0,0.0871887420327349
445,Gregg County,48,183,112037.0,96629.0,0.13752599587636227
446,Pickens County,45,77,152507.0,127496.0,0.16399902955274184
447,Boone County,21,15,183559.0,164396.0,0.10439695138892673
448,Windham County,9,15,231491.0,161405.0,0.3027590705470191
449,Skagit County,53,57,309340.0,223501.0,0.2774907868364906
450,Clarke County,13,59,154185.0,112505.0,0.27032461004637287
451,Jefferson County,36,45,119359.0,97869.0,0.18004507410417311
452,Lycoming County,42,81,143982.0,136484.0,0.05207595393868678
453,Canadian County,40,17,120101.0,109675.0,0.08681026802441279
454,Kendall County,17,93,247882.0,160614.0,0.3520546066273469
455,La Crosse County,55,63,153780.0,143239.0,0.06854597476915074
456,Wayne County,39,169,176132.0,149349.0,0.15206208979628916
457,Wilson County,47,189,227837.0,200282.0,0.12094172588297775
458,Faulkner County,5,45,138547.0,128077.0,0.07557002316903288
459,Cache County,49,5,201379.0,173445.0,0.13871356993529613
460,Saint Lawrence County,36,89,80718.0,71382.0,0.11566193414108378
461,Allegan County,26,5,158408.0,119813.0,0.2436429978283925
462,Douglas County,20,45,172871.0,163679.0,0.05317259690752064
463,Macon County,17,115,98561.0,84243.0,0.14527044165542152
464,Carroll County,13,45,129176.0,97489.0,0.24530098470304082
465,Clark County,18,19,123263.0,107969.0,0.12407616235204401
466,Missoula County,30,63,271704.0,235059.0,0.13487103612755058
467,Lowndes County,13,185,140000.0,107293.0,0.23362142857142856
468,Warren County,34,41,332442.0,203265.0,0.3885700362770047
469,Ontario County,36,69,156624.0,148624.0,0.05107774032076821
470,Columbiana County,39,29,91075.0,79378.0,0.1284326104858633
471,Bay County,26,17,113117.0,83188.0,0.26458445680136494
472,Androscoggin County,23,1,174546.0,148487.0,0.14929588761701787
473,Douglas County,41,19,222865.0,149797.0,0.32785767168465213
474,Navajo County,4,17,194307.0,133167.0,0.3146567030523862
475,Saline County,5,125,165044.0,150920.0,0.08557717941882165
476,Fayette County,13,113,273498.0,197162.0,0.27910990208337905
477,Allen County,39,3,110660.0,87997.0,0.2047984818362552
478,Hardin County,21,93,129376.0,122071.0,0.05646333168439278
479,Saint Marys County,24,37,362830.0,262262.0,0.2771766391974203
480,Etowah County,1,55,86771.0,78675.0,0.09330306208295398
481,Bonneville County,16,19,174379.0,132511.0,0.24009771818854334
482,Craven County,37,49,180472.0,150986.0,0.16338268540272174
483,Whitfield County,13,313,129354.0,98065.0,0.24188660574856596
484,Miami County,39,109,143216.0,123137.0,0.14020081555133504
485,Walworth County,55,127,214167.0,151354.0,0.2932898158913371
486,Tompkins County,36,109,162149.0,150546.0,0.07155764142856262
487,Ashtabula County,39,7,105412.0,95241.0,0.09648806587485295
488,Adams County,42,1,225633.0,200589.0,0.11099440241454042
489,Cecil County,24,15,288433.0,205613.0,0.28713774082715915
490,Bartow County,13,15,148298.0,111125.0,0.2506642031585052
491,Newton County,13,217,113341.0,75688.0,0.33220987991988776
492,Lenawee County,26,91,147438.0,105622.0,0.28361752058492384
493,Hanover County,51,85,301505.0,233358.0,0.22602278569177958
494,Putnam County,36,79,433692.0,307195.0,0.2916747369100652
495,Cass County,29,37,165230.0,131763.0,0.202547963444895
496,Yamhill County,41,71,273784.0,196028.0,0.2840049089793414
497,Steuben County,36,101,108277.0,90431.0,0.16481801305909843
498,Albemarle County,51,3,380959.0,305044.0,0.19927341262445564
499,Bradley County,47,11,142467.0,121637.0,0.146209297591723
500,Highlands County,12,55,177741.0,85357.0,0.5197675269071289
501,Nevada County,6,57,487342.0,293648.0,0.39744984015332147
502,Wicomico County,24,45,193459.0,120409.0,0.37759938798401727
503,Madison County,47,113,119727.0,97823.0,0.18294954354489798
504,Cleveland County,37,45,151279.0,122035.0,0.19331169560877584
505,Fairbanks North Star Borough,2,90,218059.0,188035.0,0.13768750659225257
506,Cape May County,34,9,449760.0,350655.0,0.2203508537886873
507,Daviess County,21,59,110955.0,99822.0,0.10033797485467082
508,Craighead County,5,31,112999.0,106521.0,0.057327940955229695
509,Floyd County,13,115,110469.0,84632.0,0.23388461921444026
510,Monongalia County,54,61,162172.0,137049.0,0.1549157684433811
511,Garland County,5,51,142424.0,120266.0,0.1555777116216368
512,Flagler County,12,35,288292.0,143817.0,0.5011412040569978
513,Portsmouth City,51,740,168359.0,129012.0,0.2337089196300762
514,Sutter County,6,101,302351.0,177957.0,0.41142248578638735
515,Dougherty County,13,95,82462.0,64847.0,0.21361354320778056
516,Montgomery County,51,121,222773.0,181893.0,0.1835051824054082
517,Wayne County,36,117,125665.0,107483.0,0.1446862690486611
518,Rockingham County,37,157,105556.0,89419.0,0.15287619841600666
519,Sumter County,12,119,248768.0,191594.0,0.22982859531772576
520,Geauga County,39,55,225422.0,190724.0,0.1539246391212925
521,Tuscarawas County,39,157,176074.0,105668.0,0.39986596544634645
522,Orangeburg County,45,75,89394.0,78451.0,0.12241313734702552
523,Roanoke County,51,161,194113.0,166146.0,0.1440758733315131
524,Laramie County,56,21,199275.0,180586.0,0.09378497051812822
525,Lawrence County,42,73,104638.0,89128.0,0.14822531011678358
526,Carver County,27,19,323191.0,231917.0,0.28241504249808935
527,Campbell County,21,37,156177.0,124582.0,0.20230251573535155
528,Sevier County,47,155,208984.0,166496.0,0.2033074302338935
529,Platte County,29,165,208680.0,169544.0,0.1875407322215833
530,Grafton County,33,9,201084.0,172441.0,0.1424429591613455
531,Matanuska Susitna Borough,2,170,251383.0,229879.0,0.08554277735566844
532,Chemung County,36,15,89225.0,83361.0,0.06572149061361726
533,Crawford County,42,39,91411.0,82728.0,0.09498856811543469
534,Calvert County,24,9,424235.0,301253.0,0.28989121595342204
535,Sherburne County,27,141,250188.0,139695.0,0.44163988680512256
536,Mendocino County,6,45,418663.0,283073.0,0.3238643013593272
537,Grand Traverse County,26,55,176932.0,145685.0,0.17660457124771098
538,Wood County,54,107,93962.0,90747.0,0.03421595964326004
539,Rogers County,40,131,191818.0,164146.0,0.14426174811540105
540,Angelina County,48,5,79945.0,73659.0,0.07862905747701544
541,Ozaukee County,55,89,262159.0,205180.0,0.21734519890600743
542,Muskingum County,39,119,103733.0,93082.0,0.1026770651576644
543,Benton County,41,3,283969.0,232196.0,0.1823191968137367
544,Rockdale County,13,247,186318.0,88586.0,0.5245440590817849
545,Suffolk City,51,800,269202.0,221795.0,0.17610196060950514
546,Saint Croix County,55,109,189415.0,156416.0,0.17421534725338542
547,Walton County,13,297,215524.0,108162.0,0.49814405820233476
548,Jefferson County,55,55,157162.0,136315.0,0.1326465685089271
549,Midland County,26,111,133034.0,108101.0,0.18741825398018552
550,Caldwell County,37,27,127102.0,114220.0,0.10135167031203285
551,Madison County,21,151,147711.0,139306.0,0.05690165255126565
552,Newport County,44,5,467828.0,335553.0,0.2827428029104714
553,Josephine County,41,33,284927.0,203055.0,0.28734377577414566
554,Talladega County,1,121,104096.0,91640.0,0.11965877651398708
555,Clinton County,36,19,126427.0,113186.0,0.10473237520466357
556,Clearfield County,42,33,84204.0,79550.0,0.05527053346634364
557,Vermilion County,17,183,69623.0,55977.0,0.19599844878847508
558,Manitowoc County,55,71,123740.0,107337.0,0.13256020688540487
559,Maury County,47,119,166503.0,133627.0,0.1974498957976733
560,Cullman County,1,43,120336.0,110484.0,0.08187076186677303
561,Cattaraugus County,36,9,110160.0,93828.0,0.1482570806100218
562,Cayuga County,36,11,130392.0,113105.0,0.13257715197251366
563,Raleigh County,54,81,83157.0,75322.0,0.09421936818307539
564,Frederick County,51,69,323694.0,201143.0,0.37860139514479724
565,Lincoln County,37,109,187522.0,165499.0,0.1174422201128401
566,Franklin County,53,21,169511.0,127526.0,0.247683041218564
567,Ross County,39,141,98044.0,90742.0,0.07447676553384194
568,Sullivan County,36,105,179677.0,162204.0,0.09724672606955816
569,Jefferson County,5,69,57685.0,54503.0,0.055161653809482535
570,Kosciusko County,18,85,152873.0,137222.0,0.10237909899066545
571,Payne County,40,119,127782.0,116402.0,0.08905792678154982
572,Twin Falls County,16,83,166576.0,129136.0,0.22476227067524734
573,Cheshire County,33,5,206947.0,171459.0,0.17148351993505584
574,Erie County,39,43,138646.0,114015.0,0.17765388110728042
575,White County,5,145,101008.0,94570.0,0.0637375257405354
576,Bartholomew County,18,5,169867.0,125435.0,0.26156934542907095
577,Lancaster County,45,57,209170.0,173632.0,0.1699000812736052
578,Lynchburg City,51,680,138292.0,117559.0,0.14992190437624736
579,Polk County,41,53,254356.0,191214.0,0.24824262057903096
580,Clinton County,26,37,166231.0,135162.0,0.18690256330046742
581,Anderson County,47,1,135351.0,120441.0,0.11015803355719574
582,Allegany County,24,1,94758.0,74083.0,0.21818738259566475
583,Hancock County,39,63,126066.0,106070.0,0.15861532847873336
584,Putnam County,12,107,122163.0,70420.0,0.42355705082553635
585,Bullitt County,21,29,156263.0,147279.0,0.05749281659765908
586,Bastrop County,48,21,200065.0,186565.0,0.0674780696273711
587,Christian County,21,47,100549.0,89607.0,0.10882256412296493
588,Madison County,36,53,164080.0,142775.0,0.1298451974646514
589,Nassau County,12,89,275505.0,178182.0,0.3532531170033212
590,Wagoner County,40,145,145598.0,133183.0,0.08526902842072007
591,Putnam County,47,141,139473.0,123666.0,0.11333376352412294
592,Yuba County,6,115,248005.0,154669.0,0.3763472510634866
593,Aroostook County,23,3,96127.0,87680.0,0.08787333423491839
594,Franklin County,25,11,219547.0,172063.0,0.2162817073337372
595,De Kalb County,1,49,91213.0,84540.0,0.07315843136395031
596,Muskogee County,40,101,82595.0,75054.0,0.09130092620618682
597,Shiawassee County,26,155,123606.0,86398.0,0.3010209860362766
598,Grant County,18,53,92143.0,71163.0,0.2276895694735357
599,Hancock County,18,59,158709.0,151806.0,0.043494697843222505
600,Creek County,40,37,97559.0,86617.0,0.1121577711948667
601,Pottawatomie County,40,125,86258.0,80841.0,0.06279997217649377
602,Barrow County,13,13,148807.0,77829.0,0.476980249585033
603,Wilkes County,37,193,116063.0,94002.0,0.19007780257274068
604,Armstrong County,42,5,94671.0,85798.0,0.09372458302965005
605,Greene County,47,59,83544.0,70088.0,0.16106482811452646
606,Walker County,13,295,117927.0,90768.0,0.2303034928387901
607,Bedford County,51,19,214317.0,183172.0,0.1453221163043529
608,Lonoke County,5,85,133287.0,123740.0,0.07162739051820508
609,Rutherford County,37,161,110522.0,99847.0,0.09658710482980765
610,Columbia County,12,23,130641.0,86629.0,0.3368927059652023
611,Columbia County,42,37,130593.0,124868.0,0.04383849057759604
612,Kauai County,15,7,526012.0,446574.0,0.15101936837942861
613,Marquette County,26,103,106918.0,96871.0,0.09396921004882246
614,Troup County,13,285,123949.0,93123.0,0.24869906171086495
615,Walker County,1,127,99316.0,84203.0,0.15217084860445446
616,James City County,51,95,361441.0,286128.0,0.20836872407944865
617,Laurens County,45,59,106222.0,79401.0,0.25249948221649
618,Carteret County,37,31,311327.0,240191.0,0.22849287083998496
619,Klamath County,41,35,196165.0,146053.0,0.25545841510972905
620,Robertson County,47,147,156253.0,139746.0,0.10564277165878415
621,Salem County,34,33,181975.0,145629.0,0.19973073224344004
622,Warren County,36,113,197819.0,179494.0,0.09263518671108438
623,McCracken County,21,145,119422.0,104940.0,0.12126743816047295
624,York County,51,199,318539.0,263999.0,0.1712192227639316
625,Livingston County,36,51,133294.0,111959.0,0.16005971761669693
626,Fauquier County,51,61,475298.0,282113.0,0.4064502690943366
627,Pike County,21,195,40989.0,39160.0,0.04462172778062407
628,Herkimer County,36,43,99574.0,87529.0,0.12096531223010022
629,Rice County,27,131,196239.0,143160.0,0.2704814027792641
630,Catoosa County,13,47,143402.0,109886.0,0.23372058967099482
631,Chatham County,37,37,296313.0,259080.0,0.1256542912393314
632,Liberty County,13,179,124920.0,99222.0,0.20571565802113354
633,Sampson County,37,163,84835.0,72576.0,0.14450403724877703
634,Montcalm County,26,117,134912.0,94182.0,0.3019004981024668
635,Washington County,36,115,129201.0,106292.0,0.17731286909544045
636,Columbia County,36,21,229699.0,200333.0,0.1278455718135473
637,Pulaski County,21,199,99519.0,90018.0,0.09546920688511741
638,Hamblen County,47,63,113765.0,102083.0,0.10268536017228497
639,Mercer County,54,55,67578.0,60840.0,0.0997070052383912
640,Otsego County,36,77,127485.0,100404.0,0.2124249911754324
641,Crawford County,5,33,107034.0,98746.0,0.07743333893902872
642,Washington County,39,167,103661.0,92214.0,0.11042725808163147
643,Pope County,5,115,103751.0,93818.0,0.0957388362521807
644,Kershaw County,45,55,117344.0,97517.0,0.16896475320425416
645,Rutland County,50,21,188238.0,168250.0,0.10618472359459832
646,Saint Joseph County,26,149,101356.0,81860.0,0.19235171080153124
647,Tipton County,47,167,120150.0,113690.0,0.053766125676238036
648,Sandusky County,39,143,106650.0,87564.0,0.1789592123769339
649,Stanly County,37,167,153557.0,133776.0,0.1288186145861146
650,Garfield County,40,47,79604.0,67979.0,0.14603537510677855
651,Jackson County,13,157,184346.0,139775.0,0.24177904592451152
652,Oldham County,21,185,261189.0,237755.0,0.08972047061706274
653,Belknap County,33,1,237189.0,200898.0,0.1530045659790294
654,Genesee County,36,37,127415.0,100270.0,0.21304399011105443
655,Granville County,37,77,152153.0,127631.0,0.16116672034070967
656,Warrick County,18,173,146121.0,138376.0,0.053004017218606495
657,Huron County,39,77,121414.0,95063.0,0.21703427940764655
658,Washington County,50,23,215585.0,185492.0,0.13958763364798107
659,Barry County,26,15,157212.0,116618.0,0.25821184133526703
660,Laurel County,21,125,84360.0,81090.0,0.0387624466571835
661,Walla Walla County,53,71,208877.0,163518.0,0.21715650837574266
662,Duplin County,37,61,82593.0,70696.0,0.14404368408945067
663,Columbus County,37,47,79656.0,72095.0,0.09492065883298183
664,Lee County,37,105,137777.0,117429.0,0.14768793049638185
665,Oxford County,23,17,219773.0,140166.0,0.3622237490501563
666,Carter County,47,19,94702.0,84552.0,0.10717830668834871
667,Blount County,1,9,196467.0,171578.0,0.12668285259102038
668,Columbia County,55,21,175486.0,152591.0,0.13046624801978504
669,Hawkins County,47,73,111267.0,97912.0,0.12002660267644495
670,Seneca County,39,147,95165.0,84536.0,0.11169022224557348
671,Windsor County,50,27,258425.0,229407.0,0.11228789784270098
672,Edgecombe County,37,65,68037.0,57702.0,0.15190264120992988
673,Marion County,54,49,85934.0,80502.0,0.06321130169665092
674,Garfield County,8,45,237955.0,178827.0,0.24848395705070286
675,Cumberland County,47,35,160995.0,127166.0,0.21012453802913134
676,Broomfield County,8,14,308796.0,281228.0,0.08927576782082669
677,Pickaway County,39,129,149324.0,132393.0,0.11338431866277357
678,Fulton County,36,35,99244.0,88109.0,0.1121982185321027
679,Kenai Peninsula Borough,2,122,190867.0,174999.0,0.08313642484033384
680,Carson City,32,510,322673.0,146497.0,0.5459892832682003
681,San Benito County,6,69,740799.0,373846.0,0.4953475909119748
682,Walton County,12,131,487128.0,267713.0,0.4504257607856662
683,Venango County,42,121,70192.0,64450.0,0.0818041942101664
684,Halifax County,37,83,77112.0,63808.0,0.17252827056748626
685,Autauga County,1,1,195624.0,174806.0,0.10641843536580378
686,Roane County,47,145,124080.0,109039.0,0.12122018052869117
687,Boone County,17,7,179559.0,137807.0,0.23252524239943417
688,Chisago County,27,25,219002.0,146063.0,0.3330517529520278
689,Gila County,4,7,199672.0,128304.0,0.35742617893345086
690,Jefferson County,54,37,258161.0,210647.0,0.18404793907677766
691,Darke County,39,37,118122.0,103225.0,0.126115372242258
692,Wayne County,42,127,152472.0,137283.0,0.09961829057138359
693,Coffee County,47,31,131286.0,113081.0,0.13866672760233384
694,Saint Charles Parish,22,89,182580.0,163931.0,0.1021415270018622
695,Grady County,40,51,111341.0,100602.0,0.09645144196657117
696,Union County,39,159,195473.0,177816.0,0.09032961073907905
697,Effingham County,13,103,205777.0,140835.0,0.31559406542033364
698,Somerset County,23,25,124004.0,105737.0,0.1473097642011548
699,Eagle County,8,37,671363.0,454664.0,0.32277471353053416
700,Franklin County,36,33,90916.0,80356.0,0.11615117251088918
701,Worcester County,24,47,381332.0,247605.0,0.35068391847523944
702,Jefferson County,47,89,126351.0,111674.0,0.11616053691700105
703,Hood County,48,221,182991.0,164837.0,0.09920706482832489
704,Tioga County,36,107,113053.0,98740.0,0.12660433601938914
705,Watauga County,37,189,264080.0,219531.0,0.16869509239624356
706,Washington County,40,147,109024.0,99631.0,0.0861553419430584
707,Crittenden County,5,35,101445.0,93365.0,0.07964907092513185
708,Camden County,13,39,176422.0,131693.0,0.2535341397331399
709,Chenango County,36,17,92902.0,81108.0,0.1269509806032163
710,LeFlore County,40,79,60462.0,55738.0,0.07813171909629188
711,Dale County,1,45,87810.0,79761.0,0.09166381961052272
712,Montgomery County,36,57,100097.0,90301.0,0.09786507088124519
713,Bristol County,44,1,328925.0,247578.0,0.2473116971954093
714,Bedford County,42,9,108156.0,103121.0,0.04655312696475462
715,Jackson County,12,63,116295.0,66488.0,0.42828152543101594
716,Gibson County,47,53,79245.0,67668.0,0.14609123604012872
717,Dickson County,47,43,132069.0,120842.0,0.0850085939925342
718,Kerr County,48,265,209655.0,189988.0,0.0938064916171806
719,Boyd County,21,19,73125.0,69731.0,0.04641367521367521
720,Shelby County,39,149,125269.0,111605.0,0.1090772657241616
721,Columbia County,41,9,250742.0,187121.0,0.25373092660982205
722,Cortland County,36,23,108208.0,94648.0,0.1253142096702647
723,Franklin County,21,73,129215.0,119417.0,0.07582710985566692
724,Greene County,36,39,179195.0,151053.0,0.15704679260023996
725,Allegany County,36,3,65400.0,55254.0,0.15513761467889908
726,Jessamine County,21,113,158354.0,146223.0,0.07660684289629564
727,Loudon County,47,105,196578.0,181724.0,0.0755628808920632
728,Newaygo County,26,123,128662.0,89832.0,0.3017985108268176
729,Laurens County,13,175,94898.0,74350.0,0.21652721869797045
730,Delaware County,36,25,135783.0,123099.0,0.0934137557720775
731,Carroll County,33,3,261159.0,210844.0,0.1926604099418362
732,Queen Annes County,24,35,422194.0,263382.0,0.37615882745846696
733,Macoupin County,17,117,86551.0,72706.0,0.15996348973437627
734,Beaufort County,37,13,144080.0,116750.0,0.18968628539700166
735,Franklin County,50,11,212441.0,193154.0,0.09078755984014385
736,Carter County,40,19,65863.0,60875.0,0.07573296084296191
737,Osage County,40,113,96527.0,89608.0,0.07167942648170979
738,Santa Cruz County,4,23,162716.0,94346.0,0.4201799454263871
739,Stokes County,37,169,120774.0,104999.0,0.13061586102969183
740,Marshall County,18,99,129079.0,122875.0,0.048063588964897465
741,Douglas County,32,5,456136.0,218200.0,0.5216338986618027
742,Cherokee County,40,21,97507.0,91358.0,0.06306213912847283
743,Hopkins County,21,107,80900.0,71595.0,0.1150185414091471
744,Lincoln Parish,22,61,128799.0,115950.0,0.09976009130505671
745,Chesterfield County,45,25,79947.0,69977.0,0.12470761879745332
746,Culpeper County,51,47,333845.0,252258.0,0.24438586769309112
747,Richmond County,37,153,62937.0,55500.0,0.11816578483245149
748,Kay County,40,71,59751.0,52629.0,0.11919465782999447
749,Mississippi County,5,93,82138.0,75851.0,0.07654191726119458
750,Gadsden County,12,39,126765.0,70604.0,0.44303238275549245
751,Henderson County,21,101,101363.0,94067.0,0.07197892722196463
752,Goodhue County,27,49,221928.0,172111.0,0.22447370318301432
753,Lincoln County,41,41,243489.0,187959.0,0.22805958380050023
754,Logan County,39,91,120486.0,104294.0,0.13438905764985143
755,Pittsburg County,40,121,77039.0,68587.0,0.10971066602629836
756,Calaveras County,6,9,346739.0,221198.0,0.3620619543806725
757,Colquitt County,13,71,76118.0,61476.0,0.19235923171917285
758,Vance County,37,181,91392.0,71735.0,0.2150844712885154
759,Branch County,26,23,101475.0,79184.0,0.21966986942596697
760,Bedford County,47,3,130068.0,109734.0,0.1563336101116339
761,Itasca County,27,61,126075.0,110337.0,0.12483045806067816
762,Stephens County,40,137,71598.0,63055.0,0.11931897539037403
763,Siskiyou County,6,93,234242.0,139873.0,0.4028696817820886
764,Brown County,39,15,115276.0,102128.0,0.11405669870571498
765,Thomas County,13,275,126380.0,98768.0,0.2184839373318563
766,Windham County,50,25,235105.0,202647.0,0.13805746368643798
767,Ohio County,54,69,88390.0,82608.0,0.06541463966512048
768,Dallas County,1,47,56680.0,45707.0,0.19359562455892732
769,Sullivan County,33,19,215817.0,181085.0,0.16093264200688545
770,Highland County,39,71,98594.0,86294.0,0.12475404182810312
771,Stevens County,53,65,196449.0,153536.0,0.21844346369795722
772,Charlottesville City,51,540,276833.0,240940.0,0.12965578525681548
773,Miller County,5,91,85380.0,79419.0,0.06981728742094168
774,Nelson County,21,179,129453.0,118780.0,0.08244691123419311
775,Madison County,39,97,145444.0,130780.0,0.10082230961744726
776,Sanilac County,26,151,123326.0,77558.0,0.37111395812724
777,Danville City,51,590,85165.0,72559.0,0.14801855222215698
778,Orleans County,36,73,98382.0,82707.0,0.1593279258400927
779,Butler County,29,23,102351.0,95286.0,0.06902717120497114
780,Fulton County,39,51,132037.0,115228.0,0.127305225050554
781,Wayne County,54,99,81507.0,78408.0,0.03802127424638375
782,Bryan County,40,13,87420.0,80670.0,0.07721345229924502
783,Sequoyah County,40,135,80844.0,71509.0,0.11546929889664044
784,Holmes County,39,75,138185.0,133889.0,0.031088757824655353
785,Coffee County,13,69,98912.0,74477.0,0.2470377709479133
786,Preble County,39,135,119603.0,111052.0,0.07149486216900913
787,Kandiyohi County,27,67,163135.0,130961.0,0.19722315873356422
788,Pettis County,29,159,77080.0,63223.0,0.17977426050856254
789,Barren County,21,9,103325.0,94948.0,0.0810742801838858
790,Wyoming County,36,121,112100.0,92574.0,0.17418376449598572
791,Greene County,5,55,89372.0,84973.0,0.049221232600814575
792,Clinton County,39,27,121062.0,104920.0,0.13333663742545143
793,Shenandoah County,51,171,221367.0,180818.0,0.183175450722104
794,Tioga County,42,117,108619.0,105557.0,0.028190279785304598
795,Lawrence County,47,99,90171.0,81085.0,0.10076410375841456
796,Logan County,40,83,147311.0,135867.0,0.07768598407450904
797,Union County,5,139,71980.0,62899.0,0.12616004445679355
798,Tallapoosa County,1,123,138156.0,118608.0,0.1414922261791019
799,Baxter County,5,5,117930.0,103302.0,0.12403968455863648
800,Delaware County,40,41,98514.0,91649.0,0.06968552693018251
801,Polk County,13,233,98134.0,72408.0,0.26215175168646954
802,Ottawa County,39,123,151608.0,136526.0,0.09948023850984117
803,Montrose County,8,85,207624.0,185494.0,0.1065869071012985
804,Mayes County,40,97,92467.0,84238.0,0.08899391134134339
805,Franklin County,47,51,130678.0,115463.0,0.11643122790370224
806,Levy County,12,75,191027.0,106301.0,0.4435289252304648
807,Campbell County,47,13,92980.0,84010.0,0.09647235964723597
808,Tift County,13,277,112508.0,89309.0,0.20619867031677747
809,Champaign County,39,21,119127.0,104998.0,0.11860451450972491
810,Guernsey County,39,59,78531.0,72720.0,0.07399625625549146
811,Okmulgee County,40,111,58450.0,51407.0,0.1204961505560308
812,Okeechobee County,12,93,221046.0,124347.0,0.4374609809722863
813,Warren County,47,177,90889.0,82455.0,0.09279450758617655
814,Knox County,23,13,248903.0,202610.0,0.18598811585236016
815,Murray County,13,213,116710.0,89622.0,0.2320966498157827
816,Person County,37,145,125233.0,103912.0,0.17025065278321208
817,Floyd County,21,71,60485.0,58084.0,0.039695792345209556
818,Essex County,36,31,118654.0,112174.0,0.05461257100477017
819,Mower County,27,99,113252.0,89045.0,0.21374456963232438
820,Hendry County,12,51,148191.0,82502.0,0.44327253341970835
821,Cheatham County,47,21,162677.0,146494.0,0.09947933635363328
822,Defiance County,39,39,97744.0,85594.0,0.12430430512358814
823,Livingston County,17,105,101211.0,90209.0,0.1087035994111312
824,Colleton County,45,29,133572.0,115136.0,0.13802293893929865
825,Waldo County,23,27,180998.0,148713.0,0.17837213670869292
826,Benton County,27,9,187093.0,145735.0,0.22105583854019123
827,Douglas County,53,17,230870.0,191950.0,0.16857972018885087
828,Fayette County,47,47,202628.0,184606.0,0.08894131117121029
829,Dyer County,47,45,90910.0,77671.0,0.14562754372456274
830,Amador County,6,5,371316.0,213734.0,0.4243878529338892
831,Webster County,19,187,79516.0,74583.0,0.062037828864631016
832,Manassas City,51,683,310978.0,206594.0,0.33566361607573525
833,Isanti County,27,59,213094.0,162871.0,0.23568472129670473
834,Talbot County,24,41,374855.0,251311.0,0.32957810353336625
835,Williams County,39,171,101786.0,86634.0,0.14886133652958167
836,Warren County,51,187,260598.0,215105.0,0.17457156232971857
837,Pontotoc County,40,123,77860.0,68248.0,0.1234523503724634
838,Graham County,4,9,162168.0,92385.0,0.43031300873168565
839,Calloway County,21,35,105431.0,100068.0,0.05086739194354602
840,Bennington County,50,3,237586.0,220269.0,0.07288729133871524
841,Graves County,21,83,79583.0,76903.0,0.033675533719512964
842,Clatsop County,41,7,313625.0,234798.0,0.2513415703467517
843,Boone County,5,9,109090.0,100499.0,0.07875148959574663
844,Jasper County,19,99,113451.0,107392.0,0.05340631638328441
845,Addison County,50,1,263052.0,241000.0,0.08383133372869242
846,Logan County,54,45,55660.0,52749.0,0.052299676607977005
847,McLeod County,27,85,179943.0,134394.0,0.2531301578833297
848,Independence County,5,63,83664.0,77165.0,0.07767976668579078
849,Ware County,13,299,68491.0,54003.0,0.21153144208728153
850,Scotland County,37,165,76412.0,66296.0,0.13238758310213056
851,Perry County,39,127,98775.0,89731.0,0.09156162996709694
852,Douglas County,27,41,199316.0,156238.0,0.2161291617331273
853,Saint Bernard Parish,22,87,131645.0,114782.0,0.1280944965627255
854,Prince George County,51,149,218061.0,184031.0,0.15605725003554052
855,Cocke County,47,29,87337.0,78657.0,0.09938514031853625
856,Clark County,21,49,135934.0,126169.0,0.07183633233775215
857,Morgan County,17,137,88652.0,74574.0,0.1588007038758291
858,Sagadahoc County,23,23,210307.0,186291.0,0.11419496260229094
859,Isle of Wight County,51,93,287674.0,238941.0,0.16940356097527062
860,Seneca County,36,99,105613.0,87266.0,0.17371914442350847
861,Weakley County,47,183,77647.0,71335.0,0.08129097067497779
862,Clarendon County,45,27,121524.0,99591.0,0.18048286758171225
863,De Soto County,12,27,151963.0,83083.0,0.4532682297664563
864,McClain County,40,87,139462.0,128791.0,0.07651546657870961
865,Putnam County,39,137,106488.0,102924.0,0.033468559837728194
866,Lincoln County,23,15,238122.0,203478.0,0.14548844709854614
867,Lincoln County,40,81,91606.0,77194.0,0.15732593934895095
868,Macon County,37,113,204578.0,177217.0,0.13374360879468955
869,Dare County,37,55,423136.0,314853.0,0.25590590259396506
870,Preston County,54,77,94948.0,86671.0,0.08717403210178203
871,Lincoln County,47,103,105982.0,95313.0,0.10066803796871167
872,Jackson County,39,79,64550.0,57304.0,0.11225406661502711
873,Clinton County,18,23,99584.0,91225.0,0.08393918701799485
874,Morrison County,27,97,157440.0,134213.0,0.1475292174796748
875,McCurtain County,40,89,54238.0,50876.0,0.06198606143294369
876,Chester County,45,23,79991.0,59746.0,0.25309097273443265
877,Caroline County,24,11,235516.0,174161.0,0.26051308615975133
878,Coos County,33,7,117974.0,99543.0,0.15622933866784205
879,Monroe County,17,133,196457.0,157911.0,0.19620578548995454
880,Hot Spring County,5,59,85866.0,80174.0,0.06628933454452286
881,Sumter County,13,261,80328.0,60591.0,0.24570510905288317
882,Oconee County,13,219,277136.0,217781.0,0.21417282489463657
883,Miami County,20,121,181134.0,171135.0,0.055202225976349
884,Schoharie County,36,95,131869.0,117628.0,0.10799353904253464
885,Nicollet County,27,103,177565.0,148175.0,0.16551685298341454
886,Dorchester County,24,19,196330.0,142984.0,0.2717159883868996
887,McDonough County,17,109,69251.0,58894.0,0.1495574071132547
888,Petersburg City,51,730,92398.0,75121.0,0.1869845667655144
889,Henry County,47,79,90891.0,83514.0,0.08116315146714197
890,Platte County,31,141,89345.0,87296.0,0.022933572108120207
891,Smyth County,51,173,88035.0,76093.0,0.13565059351394332
892,Hardin County,39,65,91880.0,82925.0,0.09746408358728777
893,Ottawa County,40,115,52861.0,47518.0,0.10107640793779914
894,Rhea County,47,143,108097.0,97996.0,0.0934438513557268
895,Obion County,47,131,84483.0,73349.0,0.13178982753926827
896,Adams County,31,1,95015.0,92178.0,0.029858443403673104
897,Malheur County,41,45,131344.0,98260.0,0.25188817151906445
898,Juneau Borough,2,110,329964.0,308352.0,0.06549805433319998
899,Caledonia County,50,5,145992.0,135459.0,0.07214778891994082
900,Gallia County,39,53,84880.0,77671.0,0.08493166823751178
901,Wakulla County,12,129,172262.0,108747.0,0.3687116137047056
902,Franklin County,23,7,136753.0,120131.0,0.1215476077307262
903,Marshall County,47,117,121173.0,107620.0,0.11184834905465739
904,Bryan County,13,29,235343.0,175332.0,0.2549937750432348
905,Montgomery County,17,135,71822.0,58171.0,0.19006711035615828
906,Wayne County,13,305,96165.0,78041.0,0.18846773774242187
907,Garrett County,24,23,209393.0,161379.0,0.2293008839837053
908,Lumpkin County,13,187,179006.0,140104.0,0.21732232439136118
909,Caddo County,40,15,47260.0,39119.0,0.17225983918747356
910,Alpena County,26,7,73094.0,65276.0,0.10695816346074917
911,Giles County,47,55,99146.0,86553.0,0.12701470558570188
912,Pickens County,13,227,184313.0,142008.0,0.22952803112097356
913,Hocking County,39,73,115139.0,100055.0,0.1310068699571822
914,Fayette County,39,47,106234.0,92146.0,0.13261291112073348
915,Orange County,50,17,196072.0,178003.0,0.09215492268146395
916,Van Wert County,39,161,74742.0,73897.0,0.01130555778544861
917,Pike County,39,131,93230.0,75521.0,0.18994958704279738
918,Mason County,26,105,128558.0,92391.0,0.28132827206397115
919,Jones County,13,169,140019.0,106707.0,0.23791056927988344
920,Caroline County,51,33,223249.0,185545.0,0.16888765459195787
921,Jennings County,18,79,104612.0,97663.0,0.06642641379574045
922,Carroll County,47,17,79011.0,69055.0,0.12600777106985103
923,Bradford County,12,7,133584.0,80663.0,0.3961627140974967
924,Boyle County,21,21,118388.0,108693.0,0.08189174578504578
925,Lee County,13,177,151247.0,121774.0,0.1948666750414884
926,Wyoming County,42,131,144604.0,134988.0,0.06649885203728804
927,Saint Francis County,5,123,54015.0,47810.0,0.11487549754697769
928,Marion County,47,115,105670.0,96679.0,0.08508564398599414
929,Henry County,39,69,105829.0,93558.0,0.11595120430127848
930,Mineral County,54,57,106983.0,99190.0,0.07284334894329006
931,Madison County,13,195,143246.0,110036.0,0.23183893442050738
932,Yazoo County,28,163,76163.0,59102.0,0.2240064073106364
933,Summit County,8,117,394570.0,340249.0,0.13767138910712928
934,Morehouse Parish,22,67,52326.0,47425.0,0.09366280625310552
935,Decatur County,13,87,93040.0,73383.0,0.21127472055030094
936,Lauderdale County,47,97,73676.0,65000.0,0.11775883598458114
937,Montgomery County,37,123,98257.0,87397.0,0.11052647648513592
938,Henderson County,47,77,93558.0,85485.0,0.08628871929712051
939,Hardee County,12,49,110114.0,68717.0,0.3759467460994969
940,Carter County,21,43,59558.0,57010.0,0.0427818261190772
941,Peach County,13,225,124293.0,95628.0,0.2306244116724192
942,Garvin County,40,49,60423.0,52499.0,0.1311421147576254
943,Custer County,40,39,108985.0,90985.0,0.1651603431664908
944,Carroll County,5,15,122549.0,110543.0,0.09796897567503611
945,Ashe County,37,9,163480.0,143818.0,0.12027159285539515
946,Hardeman County,47,69,80231.0,73042.0,0.0896037691166756
947,Orleans County,50,19,142537.0,132641.0,0.06942758722296667
948,Toombs County,13,279,88008.0,67915.0,0.22830879010999
949,Upson County,13,293,79467.0,60005.0,0.24490669082763913
950,White County,13,311,169729.0,131702.0,0.22404539000406531
951,Baker County,12,3,171500.0,99640.0,0.41900874635568514
952,Lewis County,36,49,94529.0,87269.0,0.07680182801045182
953,Anson County,37,7,78867.0,65162.0,0.1737735681590526
954,Logan County,21,141,84487.0,82300.0,0.025885639210766153
955,De Soto Parish,22,31,153201.0,138088.0,0.09864818114764264
956,Somerset County,24,39,141852.0,106841.0,0.24681358035135212
957,Jackson County,40,65,55182.0,51820.0,0.060925664165851184
958,Monroe County,13,207,169479.0,135736.0,0.19909841337274825
959,Nicholas County,54,67,58710.0,52709.0,0.10221427354794754
960,Stephens County,13,257,106764.0,81895.0,0.2329343224307819
961,Ouachita County,5,103,48254.0,42861.0,0.11176275541923986
962,McNairy County,47,109,79103.0,69509.0,0.12128490701996132
963,Hardin County,47,71,94313.0,82391.0,0.12640887258384317
964,Chattooga County,13,55,81107.0,60403.0,0.25526773274809816
965,Franklin County,20,59,118211.0,110607.0,0.06432565497288746
966,Cleburne County,5,23,131985.0,120774.0,0.08494147062166155
967,Iosco County,26,69,101182.0,70667.0,0.3015852622007867
968,White County,47,185,94668.0,86067.0,0.09085435416402586
969,Grayson County,21,85,79022.0,73677.0,0.06763939156184354
970,Lee County,51,105,74915.0,63659.0,0.15025028365480878
971,Montezuma County,8,83,176866.0,166122.0,0.06074655388825438
972,Audrain County,29,7,87595.0,77343.0,0.11703864375820537
973,Tattnall County,13,267,97206.0,72346.0,0.25574553011131
974,Seminole County,40,133,46267.0,42500.0,0.08141872176713424
975,Abbeville County,45,1,91164.0,77179.0,0.15340485279276908
976,Yates County,36,123,134345.0,117801.0,0.12314563251330529
977,Hart County,13,147,152498.0,119408.0,0.2169864522813414
978,Plymouth County,19,149,118041.0,114200.0,0.03253954134580358
979,Todd County,27,153,132949.0,112107.0,0.15676688053313675
980,Jasper County,45,53,198598.0,154287.0,0.22311906464314846
981,Hickman County,47,81,111298.0,100057.0,0.1009991194810329
982,Grant County,21,81,153863.0,123933.0,0.19452369965488778
983,Poinsett County,5,111,57093.0,51935.0,0.09034382498730142
984,Columbia County,5,27,70364.0,64220.0,0.0873173782047638
985,Martin County,37,117,94259.0,74873.0,0.2056673633287007
986,Winston County,1,133,120103.0,100750.0,0.16113669100688577
987,Lamoille County,50,15,245896.0,222930.0,0.09339720857598334
988,Roscommon County,26,143,68290.0,49296.0,0.27813735539610485
989,Fredericksburg City,51,630,324534.0,274141.0,0.15527802942064622
990,Sabine Parish,22,85,224363.0,87686.0,0.6091779838921747
991,Page County,51,139,178771.0,148722.0,0.1680865464756588
992,Wyoming County,54,109,35733.0,28223.0,0.2101698709876025
993,Caswell County,37,33,95162.0,85247.0,0.10419074840797797
994,Fannin County,13,111,215649.0,158240.0,0.2662150067934468
995,Butts County,13,35,129529.0,95858.0,0.2599495093762787
996,King George County,51,99,314375.0,267490.0,0.14913717693836978
997,Antrim County,26,9,158202.0,126647.0,0.19946018381562813
998,Currituck County,37,53,321605.0,277835.0,0.13609863030736463
999,Routt County,8,107,405347.0,340075.0,0.1610274653568424
1000,Mitchell County,13,205,82703.0,63240.0,0.23533608212519497
1001,Crisp County,13,81,87188.0,69293.0,0.20524613478919118
1002,Johnson County,21,115,75154.0,70853.0,0.05722915613274077
1003,Teller County,8,119,210711.0,193935.0,0.07961615672651166
1004,Elbert County,8,39,354317.0,301569.0,0.1488723374831013
1005,Plaquemines Parish,22,75,272672.0,242968.0,0.10893674451355474
1006,Clark County,5,19,85216.0,75363.0,0.11562382651145325
1007,Union Parish,22,111,93382.0,76996.0,0.17547278918849457
1008,Logan County,8,75,112760.0,104060.0,0.0771550195104647
1009,Adair County,40,1,80542.0,62124.0,0.22867572198356137
1010,Grainger County,47,57,95747.0,86511.0,0.0964625523515097
1011,Barnwell County,45,11,85486.0,75491.0,0.11691972954635847
1012,Wyandot County,39,175,98064.0,88219.0,0.10039362049273944
1013,Emanuel County,13,107,67449.0,49673.0,0.2635472727542291
1014,Hopewell City,51,670,124919.0,105854.0,0.15261889704528533
1015,Taylor County,12,123,105234.0,62169.0,0.40923085694737443
1016,Fairfax City,51,600,524067.0,447324.0,0.14643738300637132
1017,Curry County,41,15,326300.0,234818.0,0.28036163040147105
1018,Hood River County,41,27,332618.0,260831.0,0.21582415864445098
1019,Dawson County,13,85,236758.0,178234.0,0.24718911293388185
1020,Macon County,47,111,89596.0,75610.0,0.15610071878208848
1021,Scott County,47,151,67023.0,60524.0,0.09696671291944556
1022,Beckham County,40,9,88213.0,78327.0,0.1120696495981318
1023,Overton County,47,133,94149.0,86447.0,0.0818064982102837
1024,Meriwether County,13,199,84466.0,69527.0,0.17686406364691118
1025,Morgan County,47,129,89717.0,78697.0,0.12283067868965748
1026,McDuffie County,13,189,100615.0,78097.0,0.22380360781195646
1027,Ashley County,5,3,66048.0,49422.0,0.25172601744186046
1028,Dodge County,13,91,66565.0,54833.0,0.17624877938856756
1029,Clay County,21,51,34474.0,29989.0,0.13009804490340546
1030,Jefferson County,41,31,180161.0,142293.0,0.21018977470151698
1031,Worth County,13,321,90402.0,76556.0,0.15316032831132054
1032,Anderson County,21,5,136379.0,124390.0,0.08790942887101387
1033,Union County,13,291,194511.0,149682.0,0.23047025618088438
1034,Conway County,5,29,83562.0,75074.0,0.10157727196572605
1035,Putnam County,13,237,207400.0,162306.0,0.21742526518804242
1036,Washington County,13,303,73432.0,57105.0,0.2223417583614773
1037,Crook County,41,13,239102.0,173135.0,0.27589480640061564
1038,Warren County,37,185,119594.0,93326.0,0.21964312590932655
1039,Fillmore County,27,45,149011.0,120906.0,0.18861023682815362
1040,Carroll County,19,27,100513.0,97948.0,0.02551908708326286
1041,Saunders County,31,155,148062.0,145762.0,0.015534033040212884
1042,Polk County,5,113,75590.0,70797.0,0.06340785818229924
1043,Polk County,37,149,171353.0,152860.0,0.10792340956971865
1044,Hubbard County,27,57,165134.0,140799.0,0.14736517010427894
1045,Buena Vista County,19,21,91718.0,87460.0,0.046424911140670315
1046,McIntosh County,40,91,75087.0,69629.0,0.07268901407700401
1047,Kent County,24,29,270413.0,205018.0,0.2418337875767807
1048,Elbert County,13,105,84614.0,65740.0,0.22306001370931525
1049,Carroll County,18,15,110373.0,101623.0,0.07927663468420719
1050,Woodward County,40,153,83917.0,76233.0,0.09156666706388455
1051,Breckinridge County,21,27,91524.0,77088.0,0.15772912023075913
1052,Bourbon County,21,17,116589.0,111084.0,0.04721714741527931
1053,Allen County,21,3,73441.0,71013.0,0.0330605520077341
1054,Holmes County,12,59,99317.0,59648.0,0.39941802511151164
1055,Paulding County,39,125,86601.0,70305.0,0.18817334672809782
1056,Berrien County,13,19,86622.0,66250.0,0.23518274803167785
1057,Madison County,12,79,99056.0,59141.0,0.40295388467129706
1058,Smith County,47,159,102490.0,93644.0,0.08631085959605815
1059,Union County,47,173,109406.0,98676.0,0.09807505986874578
1060,Arkansas County,5,1,68770.0,63287.0,0.0797295332266977
1061,Poweshiek County,19,157,121589.0,115116.0,0.05323672371678359
1062,Haywood County,47,75,88369.0,77851.0,0.11902363951159343
1063,Pierce County,13,229,110124.0,85721.0,0.22159565580618212
1064,Dekalb County,47,41,115871.0,105769.0,0.08718316058375263
1065,Southampton County,51,175,155724.0,132168.0,0.15126762734067967
1066,Humphreys County,47,85,99303.0,90107.0,0.09260546005659447
1067,Drew County,5,43,85372.0,73121.0,0.14350138218619687
1068,Banks County,13,11,162068.0,121727.0,0.24891403608361923
1069,Schuyler County,36,97,112764.0,100352.0,0.11007058990457948
1070,Lamar County,13,171,117586.0,91521.0,0.2216675454560917
1071,Unicoi County,47,171,95247.0,86868.0,0.08797127468581688
1072,Johnson County,47,91,93358.0,81410.0,0.12798046230639046
1073,Appling County,13,1,73080.0,57809.0,0.20896278051450465
1074,Hart County,21,99,73825.0,69987.0,0.05198780900778869
1075,Fentress County,47,49,77122.0,69667.0,0.09666502424729649
1076,Cross County,5,37,79686.0,70705.0,0.11270486660141053
1077,Morgan County,13,211,212495.0,166990.0,0.21414621520506366
1078,Yancey County,37,199,160707.0,141820.0,0.11752443888567393
1079,Ben Hill County,13,17,67019.0,53557.0,0.2008684104507677
1080,Benzie County,26,19,165997.0,120792.0,0.2723241986300957
1081,Lawrence County,5,75,51562.0,49226.0,0.04530468174236841
1082,Henry County,1,67,102303.0,90428.0,0.11607675239240296
1083,Van Buren County,5,141,78806.0,74284.0,0.05738141765855392
1084,Andrew County,29,3,144717.0,128367.0,0.11297912477456
1085,Sharp County,5,135,67687.0,62822.0,0.07187495383160725
1086,Cook County,13,75,85238.0,63874.0,0.2506393861892583
1087,Pitkin County,8,97,881504.0,822267.0,0.06719992195157368
1088,Chester County,47,23,104935.0,95046.0,0.09423929098966026
1089,Wayne County,47,181,65846.0,59331.0,0.09894298818455183
1090,Gilchrist County,12,41,164411.0,102141.0,0.3787459476555705
1091,Jefferson County,13,163,64564.0,47173.0,0.26936063440926833
1092,Garrard County,21,79,119366.0,114961.0,0.036903305798971234
1093,Lawrence County,17,101,37935.0,28875.0,0.2388295769078687
1094,Polk County,47,139,90796.0,81063.0,0.10719635226221419
1095,Seward County,31,159,154171.0,142634.0,0.07483249119484209
1096,Dade County,13,83,125256.0,96110.0,0.23269144791467075
1097,Barbour County,54,1,55903.0,42781.0,0.23472801101908664
1098,Pawnee County,40,117,60908.0,56005.0,0.08049845668877652
1099,Dukes County,25,7,678742.0,607285.0,0.10527858891891174
1100,Telfair County,13,271,52830.0,42997.0,0.18612530759038426
1101,Dixie County,12,29,100320.0,59579.0,0.4061104465709729
1102,Floyd County,19,67,95339.0,89633.0,0.059849589360073
1103,Rabun County,13,241,206901.0,157377.0,0.23936085374164456
1104,Brooks County,13,27,90962.0,75695.0,0.167839317517205
1105,Kanabec County,27,65,158136.0,127164.0,0.19585673091516162
1106,Park County,8,93,236839.0,206470.0,0.12822634785656079
1107,Clay County,5,21,41913.0,39189.0,0.06499176866366044
1108,Arenac County,26,11,89914.0,65847.0,0.2676668816869453
1109,Harrison County,39,67,66026.0,61658.0,0.0661557568230697
1110,Gulf County,12,45,241509.0,139173.0,0.42373576140019625
1111,Marshall County,40,95,81928.0,74367.0,0.09228835074699736
1112,Madison County,5,87,99545.0,84562.0,0.15051484253352754
1113,Las Animas County,8,71,111746.0,103597.0,0.07292431048986094
1114,Alamosa County,8,3,124837.0,116876.0,0.06377115758949671
1115,Henry County,21,103,131637.0,112330.0,0.14666848986227277
1116,Gunnison County,8,51,282243.0,257346.0,0.08821122224466152
1117,Choctaw County,40,23,54916.0,44399.0,0.19151067084274165
1118,Calhoun County,45,17,131048.0,116607.0,0.11019626396434894
1119,Jeff Davis County,13,161,71243.0,55217.0,0.2249484159847283
1120,Kingfisher County,40,73,102450.0,94382.0,0.07875061005368472
1121,Craig County,40,35,88907.0,77936.0,0.12339860753371501
1122,Nelson County,51,125,258819.0,206352.0,0.20271695663765024
1123,Cleburne County,1,29,117953.0,96890.0,0.1785711257873899
1124,Dooly County,13,93,72502.0,56378.0,0.22239386499682767
1125,Oglethorpe County,13,221,145124.0,111084.0,0.23455803313028858
1126,Pendleton County,21,191,114087.0,99260.0,0.12996222181317765
1127,Grand County,8,49,381923.0,341007.0,0.10713154222186147
1128,Hamilton County,12,47,93316.0,55289.0,0.40750782288139226
1129,Jefferson County,12,65,148839.0,88399.0,0.4060763643937409
1130,Macon County,13,193,53733.0,40200.0,0.2518564010942996
1131,Estill County,21,65,64746.0,59201.0,0.08564235628455812
1132,Screven County,13,251,78367.0,64810.0,0.17299373460767925
1133,Crockett County,47,33,78931.0,70733.0,0.10386286756787574
1134,Long County,13,183,161422.0,108651.0,0.3269133079753689
1135,Fleming County,21,69,77824.0,69754.0,0.10369551809210527
1136,McIntosh County,13,191,163306.0,118109.0,0.27676264191150357
1137,Manassas Park City,51,685,376866.0,263971.0,0.2995627092918969
1138,Newton County,18,111,101629.0,94684.0,0.06833679363173897
1139,Larue County,21,123,115020.0,98440.0,0.14414884367936012
1140,Sequatchie County,47,153,97521.0,88279.0,0.09476933173367788
1141,Clarke County,51,43,387797.0,314827.0,0.1881654577008074
1142,Jasper County,13,159,131587.0,102717.0,0.21939857280734418
1143,Martinsville City,51,690,70863.0,51466.0,0.27372535737973275
1144,Moffat County,8,81,152469.0,138538.0,0.09136939312253639
1145,Howard County,5,61,69458.0,62832.0,0.09539577874398918
1146,Grundy County,47,61,73027.0,64996.0,0.10997302367617456
1147,Kodiak Island Borough,2,150,247210.0,229403.0,0.07203187573318232
1148,Monroe County,54,63,52336.0,48410.0,0.07501528584530724
1149,Murray County,40,99,55261.0,50642.0,0.08358516856372487
1150,Ketchikan Gateway Borough,2,130,262702.0,246773.0,0.06063524449756759
1151,Stewart County,47,161,92931.0,84639.0,0.0892274913645608
1152,Madison County,51,113,269356.0,221326.0,0.1783142012800903
1153,Washington County,37,187,66867.0,56752.0,0.15127043235078588
1154,Bleckley County,13,23,88606.0,70188.0,0.20786402726677652
1155,Desha County,5,41,45703.0,39022.0,0.14618296391921756
1156,Caldwell County,21,33,59175.0,56337.0,0.04795944233206591
1157,Glades County,12,43,143487.0,83964.0,0.41483200568692635
1158,Bledsoe County,47,7,75074.0,67160.0,0.10541598955697046
1159,Haskell County,40,61,51162.0,48563.0,0.05079942144560416
1160,Powell County,21,197,80138.0,76220.0,0.04889066360528089
1161,Prowers County,8,99,62623.0,56163.0,0.10315698704948661
1162,Todd County,21,219,79149.0,75034.0,0.051990549469986984
1163,Northampton County,51,131,184977.0,156803.0,0.15231082783264946
1164,Falls Church City,51,610,711855.0,617953.0,0.13191169549978576
1165,Okfuskee County,40,107,59342.0,55730.0,0.060867513733948976
1166,Charlton County,13,49,95004.0,73588.0,0.225422087491053
1167,Edmonson County,21,61,90610.0,80755.0,0.10876282970974506
1168,Lewis County,47,101,86991.0,73796.0,0.15168235794507479
1169,Poquoson City,51,735,323726.0,278480.0,0.13976634561326554
1170,Pulaski County,13,235,82351.0,67045.0,0.18586295248388
1171,Rio Grande County,8,105,140295.0,122113.0,0.12959834634163728
1172,Blaine County,40,11,51799.0,43227.0,0.16548582018957894
1173,Heard County,13,149,103067.0,80890.0,0.21517071419562034
1174,Decatur County,47,39,68975.0,63025.0,0.08626313881841247
1175,Meigs County,47,121,123064.0,110122.0,0.10516479230319184
1176,Jackson County,47,87,74046.0,65654.0,0.11333495394754611
1177,Bath County,21,11,83884.0,75145.0,0.10417958132659387
1178,Noble County,40,103,72798.0,64008.0,0.12074507541415973
1179,Franklin County,12,37,347613.0,205011.0,0.41023206842091636
1180,Lancaster County,51,103,266725.0,225305.0,0.15529103008716844
1181,Chattahoochee County,13,53,55578.0,47619.0,0.14320414552520783
1182,Scott County,5,127,70256.0,63068.0,0.10231154634479618
1183,Alleghany County,37,5,141610.0,125668.0,0.11257679542405197
1184,Latimer County,40,77,65864.0,57674.0,0.12434713956030609
1185,Bacon County,13,5,60719.0,53867.0,0.11284770829559117
1186,Skamania County,53,59,283480.0,206714.0,0.27079864540708337
1187,Early County,13,99,68541.0,54887.0,0.19920923243022426
1188,Evans County,13,109,83982.0,65862.0,0.21576052011145244
1189,Candler County,13,43,91038.0,73655.0,0.19094224389815243
1190,Middlesex County,51,119,261629.0,233853.0,0.1061656009081562
1191,Johnston County,40,69,58961.0,55035.0,0.06658638761215041
1192,Alcona County,26,1,122853.0,82777.0,0.3262110001383768
1193,Owen County,21,187,101131.0,94398.0,0.06657701397197695
1194,Carroll County,21,41,86796.0,76794.0,0.11523572514862436
1195,Franklin County,19,69,75273.0,71874.0,0.04515563349408154
1196,Wilkes County,13,317,83239.0,67133.0,0.193491031848052
1197,Clay County,37,43,183951.0,155100.0,0.1568406803985844
1198,Nowata County,40,105,57413.0,54783.0,0.04580844059707732
1199,Ritchie County,54,85,56279.0,49615.0,0.11841006414470762
1200,Perry County,5,105,74536.0,67066.0,0.10022002790597832
1201,Allendale County,45,5,39917.0,27993.0,0.29871984367562693
1202,Grundy County,29,79,67106.0,55459.0,0.17356123148451702
1203,Nantucket County,25,19,1223035.0,1092740.0,0.1065341547870666
1204,Lanier County,13,173,112237.0,85212.0,0.24078512433511232
1205,Johnson County,13,167,55749.0,44822.0,0.1960035157581302
1206,Montmorency County,26,119,94892.0,63017.0,0.335908190363782
1207,Rock County,27,133,105047.0,92131.0,0.12295448703913486
1208,Wayne County,31,179,93343.0,90717.0,0.028132800531373535
1209,Wilkinson County,13,319,74367.0,49504.0,0.33432839834872996
1210,Irwin County,13,155,68425.0,62221.0,0.09066861527219583
1211,Livingston County,21,139,80181.0,69933.0,0.12781082800164628
1212,Montgomery County,5,97,96147.0,78467.0,0.18388509261859445
1213,Caldwell County,29,25,108522.0,89857.0,0.17199277565839186
1214,Love County,40,85,81465.0,75538.0,0.07275517093230222
1215,Palo Alto County,19,147,73183.0,69851.0,0.04552969952038042
1216,Terrell County,13,273,71511.0,51874.0,0.2746011103186922
1217,Crittenden County,21,55,72005.0,66305.0,0.07916116936323866
1218,Wilcox County,13,315,54660.0,46151.0,0.15567142334431028
1219,Phelps County,31,137,85129.0,82692.0,0.028627142336923962
1220,Hamilton County,31,81,119043.0,114663.0,0.036793427584990296
1221,Montgomery County,13,209,97726.0,74964.0,0.23291652170353846
1222,Twiggs County,13,289,58910.0,47060.0,0.20115430317433372
1223,Turner County,13,287,63775.0,52839.0,0.17147785182281458
1224,Taylor County,13,269,64893.0,55688.0,0.14184888971075463
1225,Lafayette County,12,67,123834.0,66836.0,0.46027746822358967
1226,Baraga County,26,13,83125.0,61931.0,0.25496541353383456
1227,Benton County,18,7,80870.0,70077.0,0.1334611104241375
1228,Clearwater County,16,35,125443.0,100598.0,0.19805808215683618
1229,Marion County,13,197,86739.0,72445.0,0.16479323026550918
1230,Seminole County,13,253,83370.0,61693.0,0.26000959577785776
1231,Gallatin County,21,77,112696.0,99877.0,0.11374849151700149
1232,Franklin City,51,620,150018.0,125509.0,0.16337372848591503
1233,Bracken County,21,23,74865.0,72034.0,0.03781473318640219
1234,Schoolcraft County,26,153,75888.0,61398.0,0.1909392789373814
1235,Hamilton County,17,65,48337.0,38775.0,0.19781947576390757
1236,Greenlee County,4,11,70709.0,39493.0,0.44147138270941466
1237,Houston County,47,83,77355.0,70708.0,0.0859285114084416
1238,Atkinson County,13,3,63173.0,46946.0,0.25686606619916735
1239,Keith County,31,101,85433.0,83973.0,0.01708941509721068
1240,Lyon County,21,143,119245.0,117320.0,0.01614323451717053
1241,Ballard County,21,7,67574.0,63101.0,0.06619409832183976
1242,Doddridge County,54,17,62821.0,47650.0,0.24149567819678133
1243,Searcy County,5,129,52748.0,47183.0,0.10550163039356943
1244,Dallas County,5,39,50635.0,40863.0,0.19298903920213292
1245,Lincoln County,13,181,130034.0,102060.0,0.21512835104664935
1246,Perry County,47,135,61194.0,55901.0,0.08649540804654052
1247,Trousdale County,47,169,106861.0,96765.0,0.09447787312490057
1248,Clay County,47,27,72305.0,65738.0,0.09082359449553973
1249,Lake County,47,95,49414.0,43473.0,0.12022908487473186
1250,Randolph County,13,243,43921.0,37879.0,0.13756517383483982
1251,Pendleton County,54,71,86035.0,77137.0,0.10342302551287266
1252,Adair County,19,1,87249.0,82949.0,0.04928423248403993
1253,Pleasants County,54,73,83622.0,78727.0,0.05853722704551434
1254,Jefferson County,31,95,65089.0,61496.0,0.05520133970409747
1255,Major County,40,93,82270.0,67333.0,0.18156071471982496
1256,Grant County,41,23,157792.0,104465.0,0.33795756438856217
1257,Fremont County,19,71,89837.0,86568.0,0.036388125160012025
1258,Wheeler County,13,309,62946.0,50176.0,0.20287230324405045
1259,San Miguel County,8,113,624334.0,515100.0,0.17496083826925973
1260,Woodruff County,5,147,39452.0,34170.0,0.13388421372807463
1261,Nicholas County,21,181,72211.0,68451.0,0.05206962928085749
1262,Grand Isle County,50,13,246447.0,231499.0,0.060654014859178644
1263,Treutlen County,13,283,61072.0,49002.0,0.19763557767880535
1264,Talbot County,13,263,103146.0,79050.0,0.2336106102030132
1265,Hancock County,47,67,59299.0,53160.0,0.10352619774363818
1266,Fulton County,21,75,43826.0,33971.0,0.2248665175922968
1267,Calhoun County,13,37,46115.0,36743.0,0.20323105280277567
1268,Rio Blanco County,8,103,154332.0,138671.0,0.10147603866988052
1269,Jefferson County,40,67,36864.0,33842.0,0.08197699652777778
1270,Shelby County,29,205,77372.0,67687.0,0.12517448172465492
1271,Moore County,47,127,128297.0,117571.0,0.08360289016890496
1272,Essex County,50,9,110372.0,95626.0,0.13360272532888776
1273,Cotton County,40,33,56281.0,51976.0,0.07649117819512802
1274,Stanton County,31,167,103328.0,100972.0,0.022801176834933417
1275,Miller County,13,201,81459.0,65908.0,0.19090585447894032
1276,Saguache County,8,109,113021.0,101277.0,0.10390989285177091
1277,Stewart County,13,259,41097.0,31077.0,0.24381341703773998
1278,Coal County,40,29,66585.0,51450.0,0.22730344672223474
1279,Warren County,13,301,65641.0,50445.0,0.23150165293033317
1280,Van Buren County,47,175,79026.0,71454.0,0.09581656669956723
1281,Lincoln County,8,73,91485.0,79845.0,0.12723397278242335
1282,Gilpin County,8,47,248266.0,217844.0,0.12253792303416497
1283,Pickett County,47,137,101390.0,90231.0,0.11006016372423316
1284,Schley County,13,249,81835.0,64587.0,0.21076556485611292
1285,Hamilton County,36,41,165512.0,153869.0,0.07034535260283242
1286,Grant County,40,53,58813.0,47320.0,0.1954159794603234
1287,Ouray County,8,91,359872.0,327829.0,0.08903999199715454
1288,Ellis County,40,45,63221.0,49582.0,0.21573527783489663
1289,Echols County,13,101,70523.0,53387.0,0.24298455822923018
1290,Baker County,13,7,61790.0,56433.0,0.0866968765172358
1291,Webster County,13,307,74038.0,55563.0,0.24953402306923472
1292,Quitman County,13,239,68732.0,53288.0,0.2246988302391899
1293,Taliaferro County,13,265,64067.0,50597.0,0.21024864594877238
